[
{
  "model": "admin.logentry",
  "pk": 1,
  "fields": {
    "action_time": "2024-12-29T21:13:31.694Z",
    "user": 4,
    "content_type": 9,
    "object_id": "1",
    "object_repr": "Order 1 by admin2@add.com",
    "action_flag": 2,
    "change_message": "[{\"changed\": {\"fields\": [\"User\"]}}]"
  }
},
{
  "model": "admin.logentry",
  "pk": 2,
  "fields": {
    "action_time": "2024-12-29T21:13:45.953Z",
    "user": 4,
    "content_type": 11,
    "object_id": "3",
    "object_repr": "Flight object (2) (row: 1, seat: 1)",
    "action_flag": 1,
    "change_message": "[{\"added\": {}}]"
  }
},
{
  "model": "admin.logentry",
  "pk": 3,
  "fields": {
    "action_time": "2024-12-29T21:14:13.907Z",
    "user": 4,
    "content_type": 11,
    "object_id": "4",
    "object_repr": "Flight object (2) (row: 1, seat: 2)",
    "action_flag": 1,
    "change_message": "[{\"added\": {}}]"
  }
},
{
  "model": "admin.logentry",
  "pk": 4,
  "fields": {
    "action_time": "2024-12-29T21:14:29.680Z",
    "user": 4,
    "content_type": 11,
    "object_id": "5",
    "object_repr": "Flight object (2) (row: 1, seat: 3)",
    "action_flag": 1,
    "change_message": "[{\"added\": {}}]"
  }
},
{
  "model": "auth.permission",
  "pk": 1,
  "fields": {
    "name": "Can add log entry",
    "content_type": 1,
    "codename": "add_logentry"
  }
},
{
  "model": "auth.permission",
  "pk": 2,
  "fields": {
    "name": "Can change log entry",
    "content_type": 1,
    "codename": "change_logentry"
  }
},
{
  "model": "auth.permission",
  "pk": 3,
  "fields": {
    "name": "Can delete log entry",
    "content_type": 1,
    "codename": "delete_logentry"
  }
},
{
  "model": "auth.permission",
  "pk": 4,
  "fields": {
    "name": "Can view log entry",
    "content_type": 1,
    "codename": "view_logentry"
  }
},
{
  "model": "auth.permission",
  "pk": 5,
  "fields": {
    "name": "Can add permission",
    "content_type": 2,
    "codename": "add_permission"
  }
},
{
  "model": "auth.permission",
  "pk": 6,
  "fields": {
    "name": "Can change permission",
    "content_type": 2,
    "codename": "change_permission"
  }
},
{
  "model": "auth.permission",
  "pk": 7,
  "fields": {
    "name": "Can delete permission",
    "content_type": 2,
    "codename": "delete_permission"
  }
},
{
  "model": "auth.permission",
  "pk": 8,
  "fields": {
    "name": "Can view permission",
    "content_type": 2,
    "codename": "view_permission"
  }
},
{
  "model": "auth.permission",
  "pk": 9,
  "fields": {
    "name": "Can add group",
    "content_type": 3,
    "codename": "add_group"
  }
},
{
  "model": "auth.permission",
  "pk": 10,
  "fields": {
    "name": "Can change group",
    "content_type": 3,
    "codename": "change_group"
  }
},
{
  "model": "auth.permission",
  "pk": 11,
  "fields": {
    "name": "Can delete group",
    "content_type": 3,
    "codename": "delete_group"
  }
},
{
  "model": "auth.permission",
  "pk": 12,
  "fields": {
    "name": "Can view group",
    "content_type": 3,
    "codename": "view_group"
  }
},
{
  "model": "auth.permission",
  "pk": 13,
  "fields": {
    "name": "Can add content type",
    "content_type": 4,
    "codename": "add_contenttype"
  }
},
{
  "model": "auth.permission",
  "pk": 14,
  "fields": {
    "name": "Can change content type",
    "content_type": 4,
    "codename": "change_contenttype"
  }
},
{
  "model": "auth.permission",
  "pk": 15,
  "fields": {
    "name": "Can delete content type",
    "content_type": 4,
    "codename": "delete_contenttype"
  }
},
{
  "model": "auth.permission",
  "pk": 16,
  "fields": {
    "name": "Can view content type",
    "content_type": 4,
    "codename": "view_contenttype"
  }
},
{
  "model": "auth.permission",
  "pk": 17,
  "fields": {
    "name": "Can add session",
    "content_type": 5,
    "codename": "add_session"
  }
},
{
  "model": "auth.permission",
  "pk": 18,
  "fields": {
    "name": "Can change session",
    "content_type": 5,
    "codename": "change_session"
  }
},
{
  "model": "auth.permission",
  "pk": 19,
  "fields": {
    "name": "Can delete session",
    "content_type": 5,
    "codename": "delete_session"
  }
},
{
  "model": "auth.permission",
  "pk": 20,
  "fields": {
    "name": "Can view session",
    "content_type": 5,
    "codename": "view_session"
  }
},
{
  "model": "auth.permission",
  "pk": 21,
  "fields": {
    "name": "Can add airplane type",
    "content_type": 6,
    "codename": "add_airplanetype"
  }
},
{
  "model": "auth.permission",
  "pk": 22,
  "fields": {
    "name": "Can change airplane type",
    "content_type": 6,
    "codename": "change_airplanetype"
  }
},
{
  "model": "auth.permission",
  "pk": 23,
  "fields": {
    "name": "Can delete airplane type",
    "content_type": 6,
    "codename": "delete_airplanetype"
  }
},
{
  "model": "auth.permission",
  "pk": 24,
  "fields": {
    "name": "Can view airplane type",
    "content_type": 6,
    "codename": "view_airplanetype"
  }
},
{
  "model": "auth.permission",
  "pk": 25,
  "fields": {
    "name": "Can add airport",
    "content_type": 7,
    "codename": "add_airport"
  }
},
{
  "model": "auth.permission",
  "pk": 26,
  "fields": {
    "name": "Can change airport",
    "content_type": 7,
    "codename": "change_airport"
  }
},
{
  "model": "auth.permission",
  "pk": 27,
  "fields": {
    "name": "Can delete airport",
    "content_type": 7,
    "codename": "delete_airport"
  }
},
{
  "model": "auth.permission",
  "pk": 28,
  "fields": {
    "name": "Can view airport",
    "content_type": 7,
    "codename": "view_airport"
  }
},
{
  "model": "auth.permission",
  "pk": 29,
  "fields": {
    "name": "Can add crew",
    "content_type": 8,
    "codename": "add_crew"
  }
},
{
  "model": "auth.permission",
  "pk": 30,
  "fields": {
    "name": "Can change crew",
    "content_type": 8,
    "codename": "change_crew"
  }
},
{
  "model": "auth.permission",
  "pk": 31,
  "fields": {
    "name": "Can delete crew",
    "content_type": 8,
    "codename": "delete_crew"
  }
},
{
  "model": "auth.permission",
  "pk": 32,
  "fields": {
    "name": "Can view crew",
    "content_type": 8,
    "codename": "view_crew"
  }
},
{
  "model": "auth.permission",
  "pk": 33,
  "fields": {
    "name": "Can add order",
    "content_type": 9,
    "codename": "add_order"
  }
},
{
  "model": "auth.permission",
  "pk": 34,
  "fields": {
    "name": "Can change order",
    "content_type": 9,
    "codename": "change_order"
  }
},
{
  "model": "auth.permission",
  "pk": 35,
  "fields": {
    "name": "Can delete order",
    "content_type": 9,
    "codename": "delete_order"
  }
},
{
  "model": "auth.permission",
  "pk": 36,
  "fields": {
    "name": "Can view order",
    "content_type": 9,
    "codename": "view_order"
  }
},
{
  "model": "auth.permission",
  "pk": 37,
  "fields": {
    "name": "Can add route",
    "content_type": 10,
    "codename": "add_route"
  }
},
{
  "model": "auth.permission",
  "pk": 38,
  "fields": {
    "name": "Can change route",
    "content_type": 10,
    "codename": "change_route"
  }
},
{
  "model": "auth.permission",
  "pk": 39,
  "fields": {
    "name": "Can delete route",
    "content_type": 10,
    "codename": "delete_route"
  }
},
{
  "model": "auth.permission",
  "pk": 40,
  "fields": {
    "name": "Can view route",
    "content_type": 10,
    "codename": "view_route"
  }
},
{
  "model": "auth.permission",
  "pk": 41,
  "fields": {
    "name": "Can add ticket",
    "content_type": 11,
    "codename": "add_ticket"
  }
},
{
  "model": "auth.permission",
  "pk": 42,
  "fields": {
    "name": "Can change ticket",
    "content_type": 11,
    "codename": "change_ticket"
  }
},
{
  "model": "auth.permission",
  "pk": 43,
  "fields": {
    "name": "Can delete ticket",
    "content_type": 11,
    "codename": "delete_ticket"
  }
},
{
  "model": "auth.permission",
  "pk": 44,
  "fields": {
    "name": "Can view ticket",
    "content_type": 11,
    "codename": "view_ticket"
  }
},
{
  "model": "auth.permission",
  "pk": 45,
  "fields": {
    "name": "Can add airplane",
    "content_type": 12,
    "codename": "add_airplane"
  }
},
{
  "model": "auth.permission",
  "pk": 46,
  "fields": {
    "name": "Can change airplane",
    "content_type": 12,
    "codename": "change_airplane"
  }
},
{
  "model": "auth.permission",
  "pk": 47,
  "fields": {
    "name": "Can delete airplane",
    "content_type": 12,
    "codename": "delete_airplane"
  }
},
{
  "model": "auth.permission",
  "pk": 48,
  "fields": {
    "name": "Can view airplane",
    "content_type": 12,
    "codename": "view_airplane"
  }
},
{
  "model": "auth.permission",
  "pk": 49,
  "fields": {
    "name": "Can add flight",
    "content_type": 13,
    "codename": "add_flight"
  }
},
{
  "model": "auth.permission",
  "pk": 50,
  "fields": {
    "name": "Can change flight",
    "content_type": 13,
    "codename": "change_flight"
  }
},
{
  "model": "auth.permission",
  "pk": 51,
  "fields": {
    "name": "Can delete flight",
    "content_type": 13,
    "codename": "delete_flight"
  }
},
{
  "model": "auth.permission",
  "pk": 52,
  "fields": {
    "name": "Can view flight",
    "content_type": 13,
    "codename": "view_flight"
  }
},
{
  "model": "auth.permission",
  "pk": 53,
  "fields": {
    "name": "Can add user",
    "content_type": 14,
    "codename": "add_user"
  }
},
{
  "model": "auth.permission",
  "pk": 54,
  "fields": {
    "name": "Can change user",
    "content_type": 14,
    "codename": "change_user"
  }
},
{
  "model": "auth.permission",
  "pk": 55,
  "fields": {
    "name": "Can delete user",
    "content_type": 14,
    "codename": "delete_user"
  }
},
{
  "model": "auth.permission",
  "pk": 56,
  "fields": {
    "name": "Can view user",
    "content_type": 14,
    "codename": "view_user"
  }
},
{
  "model": "contenttypes.contenttype",
  "pk": 1,
  "fields": {
    "app_label": "admin",
    "model": "logentry"
  }
},
{
  "model": "contenttypes.contenttype",
  "pk": 2,
  "fields": {
    "app_label": "auth",
    "model": "permission"
  }
},
{
  "model": "contenttypes.contenttype",
  "pk": 3,
  "fields": {
    "app_label": "auth",
    "model": "group"
  }
},
{
  "model": "contenttypes.contenttype",
  "pk": 4,
  "fields": {
    "app_label": "contenttypes",
    "model": "contenttype"
  }
},
{
  "model": "contenttypes.contenttype",
  "pk": 5,
  "fields": {
    "app_label": "sessions",
    "model": "session"
  }
},
{
  "model": "contenttypes.contenttype",
  "pk": 6,
  "fields": {
    "app_label": "airport",
    "model": "airplanetype"
  }
},
{
  "model": "contenttypes.contenttype",
  "pk": 7,
  "fields": {
    "app_label": "airport",
    "model": "airport"
  }
},
{
  "model": "contenttypes.contenttype",
  "pk": 8,
  "fields": {
    "app_label": "airport",
    "model": "crew"
  }
},
{
  "model": "contenttypes.contenttype",
  "pk": 9,
  "fields": {
    "app_label": "airport",
    "model": "order"
  }
},
{
  "model": "contenttypes.contenttype",
  "pk": 10,
  "fields": {
    "app_label": "airport",
    "model": "route"
  }
},
{
  "model": "contenttypes.contenttype",
  "pk": 11,
  "fields": {
    "app_label": "airport",
    "model": "ticket"
  }
},
{
  "model": "contenttypes.contenttype",
  "pk": 12,
  "fields": {
    "app_label": "airport",
    "model": "airplane"
  }
},
{
  "model": "contenttypes.contenttype",
  "pk": 13,
  "fields": {
    "app_label": "airport",
    "model": "flight"
  }
},
{
  "model": "contenttypes.contenttype",
  "pk": 14,
  "fields": {
    "app_label": "users",
    "model": "user"
  }
},
{
  "model": "sessions.session",
  "pk": "k94cotza207ncbicrndkt0lwnts0dxt7",
  "fields": {
    "session_data": ".eJxVjMsOwiAQRf-FtSE8hXHpvt9ABhikaiAp7cr479qkC93ec859sYDbWsM2aAlzZhdm2Ol3i5ge1HaQ79hunafe1mWOfFf4QQefeqbn9XD_DiqO-q1FckBOS8Bsi5BUvIQCSlolhSNvtKZyBqWFd6QTCWeR0IoIxfiSvWPvD8ovN14:1tS0Yx:maoa2J0KAwjNVTNBBUrGro_4NwEtUnItu3NohPBV4t4",
    "expire_date": "2025-01-12T21:11:03.305Z"
  }
},
{
  "model": "airport.airport",
  "pk": 1,
  "fields": {
    "name": "Heathrow",
    "closed_big_city": "London"
  }
},
{
  "model": "airport.airport",
  "pk": 2,
  "fields": {
    "name": "JFK",
    "closed_big_city": "New York"
  }
},
{
  "model": "airport.airport",
  "pk": 3,
  "fields": {
    "name": "Charles de Gaulle",
    "closed_big_city": "Paris"
  }
},
{
  "model": "airport.airport",
  "pk": 4,
  "fields": {
    "name": "King Fahd International Airport",
    "closed_big_city": "Dammam, Saudi Arabia"
  }
},
{
  "model": "airport.airport",
  "pk": 5,
  "fields": {
    "name": "King Khalid International Airport",
    "closed_big_city": "Riyadh, Saudi Arabia"
  }
},
{
  "model": "airport.airport",
  "pk": 6,
  "fields": {
    "name": "Denver International Airport",
    "closed_big_city": "Denver, Colorado"
  }
},
{
  "model": "airport.airport",
  "pk": 7,
  "fields": {
    "name": "Kuala Lumpur International",
    "closed_big_city": "Selangor, Malaysia"
  }
},
{
  "model": "airport.route",
  "pk": 1,
  "fields": {
    "source": 1,
    "destination": 2,
    "distance": 5567
  }
},
{
  "model": "airport.route",
  "pk": 2,
  "fields": {
    "source": 2,
    "destination": 3,
    "distance": 5834
  }
},
{
  "model": "airport.route",
  "pk": 3,
  "fields": {
    "source": 4,
    "destination": 6,
    "distance": 3475
  }
},
{
  "model": "airport.route",
  "pk": 4,
  "fields": {
    "source": 4,
    "destination": 7,
    "distance": 4974
  }
},
{
  "model": "airport.route",
  "pk": 5,
  "fields": {
    "source": 7,
    "destination": 6,
    "distance": 1990
  }
},
{
  "model": "airport.route",
  "pk": 6,
  "fields": {
    "source": 7,
    "destination": 5,
    "distance": 4356
  }
},
{
  "model": "airport.crew",
  "pk": 1,
  "fields": {
    "first_name": "John",
    "last_name": "Doe"
  }
},
{
  "model": "airport.crew",
  "pk": 2,
  "fields": {
    "first_name": "Jane",
    "last_name": "Smith"
  }
},
{
  "model": "airport.crew",
  "pk": 3,
  "fields": {
    "first_name": "Sofia",
    "last_name": "Osadcha"
  }
},
{
  "model": "airport.crew",
  "pk": 4,
  "fields": {
    "first_name": "Ivan",
    "last_name": "Shatilov"
  }
},
{
  "model": "airport.airplanetype",
  "pk": 2,
  "fields": {
    "name": "Airbus"
  }
},
{
  "model": "airport.airplanetype",
  "pk": 3,
  "fields": {
    "name": "AirLiner"
  }
},
{
  "model": "airport.airplanetype",
  "pk": 4,
  "fields": {
    "name": "AirShip"
  }
},
{
  "model": "airport.airplanetype",
  "pk": 5,
  "fields": {
    "name": "Cargo aircraft"
  }
},
{
  "model": "airport.airplanetype",
  "pk": 6,
  "fields": {
    "name": "Helicopter"
  }
},
{
  "model": "airport.airplanetype",
  "pk": 7,
  "fields": {
    "name": "Personal Ship"
  }
},
{
  "model": "airport.airplane",
  "pk": 1,
  "fields": {
    "name": "Airbus A320",
    "rows": 30,
    "seats_in_row": 6,
    "airplane_type": 2
  }
},
{
  "model": "airport.airplane",
  "pk": 2,
  "fields": {
    "name": "Airbus A380",
    "rows": 50,
    "seats_in_row": 10,
    "airplane_type": 2
  }
},
{
  "model": "airport.airplane",
  "pk": 3,
  "fields": {
    "name": "Airbus A350",
    "rows": 40,
    "seats_in_row": 8,
    "airplane_type": 2
  }
},
{
  "model": "airport.airplane",
  "pk": 4,
  "fields": {
    "name": "Boeing AirLiner 737",
    "rows": 30,
    "seats_in_row": 6,
    "airplane_type": 3
  }
},
{
  "model": "airport.airplane",
  "pk": 5,
  "fields": {
    "name": "Boeing AirLiner 777",
    "rows": 40,
    "seats_in_row": 8,
    "airplane_type": 3
  }
},
{
  "model": "airport.airplane",
  "pk": 6,
  "fields": {
    "name": "Boeing AirLiner 787",
    "rows": 35,
    "seats_in_row": 7,
    "airplane_type": 3
  }
},
{
  "model": "airport.airplane",
  "pk": 7,
  "fields": {
    "name": "Goodyear AirShip",
    "rows": 10,
    "seats_in_row": 2,
    "airplane_type": 4
  }
},
{
  "model": "airport.airplane",
  "pk": 8,
  "fields": {
    "name": "Zeppelin NT",
    "rows": 15,
    "seats_in_row": 3,
    "airplane_type": 4
  }
},
{
  "model": "airport.airplane",
  "pk": 9,
  "fields": {
    "name": "SkyShip 600",
    "rows": 12,
    "seats_in_row": 3,
    "airplane_type": 4
  }
},
{
  "model": "airport.airplane",
  "pk": 10,
  "fields": {
    "name": "Boeing Cargo 747",
    "rows": 20,
    "seats_in_row": 4,
    "airplane_type": 5
  }
},
{
  "model": "airport.airplane",
  "pk": 11,
  "fields": {
    "name": "Lockheed Cargo C-130",
    "rows": 25,
    "seats_in_row": 4,
    "airplane_type": 5
  }
},
{
  "model": "airport.airplane",
  "pk": 12,
  "fields": {
    "name": "Antonov Cargo An-124",
    "rows": 30,
    "seats_in_row": 5,
    "airplane_type": 5
  }
},
{
  "model": "airport.airplane",
  "pk": 13,
  "fields": {
    "name": "Bell Helicopter 206",
    "rows": 2,
    "seats_in_row": 2,
    "airplane_type": 6
  }
},
{
  "model": "airport.airplane",
  "pk": 14,
  "fields": {
    "name": "Sikorsky Helicopter S-76",
    "rows": 3,
    "seats_in_row": 4,
    "airplane_type": 6
  }
},
{
  "model": "airport.airplane",
  "pk": 15,
  "fields": {
    "name": "Eurocopter Helicopter EC135",
    "rows": 2,
    "seats_in_row": 3,
    "airplane_type": 6
  }
},
{
  "model": "airport.airplane",
  "pk": 16,
  "fields": {
    "name": "Cirrus SR22",
    "rows": 1,
    "seats_in_row": 4,
    "airplane_type": 7
  }
},
{
  "model": "airport.airplane",
  "pk": 17,
  "fields": {
    "name": "Beechcraft Baron",
    "rows": 2,
    "seats_in_row": 3,
    "airplane_type": 7
  }
},
{
  "model": "airport.airplane",
  "pk": 18,
  "fields": {
    "name": "Piper PA-46",
    "rows": 2,
    "seats_in_row": 2,
    "airplane_type": 7
  }
},
{
  "model": "airport.flight",
  "pk": 2,
  "fields": {
    "departure_time": "2024-12-26T00:50:00Z",
    "arrival_time": "2025-01-05T23:50:00Z",
    "route": 2,
    "airplane": 9,
    "crew": [
      2,
      3
    ]
  }
},
{
  "model": "airport.flight",
  "pk": 3,
  "fields": {
    "departure_time": "2024-12-31T15:00:00Z",
    "arrival_time": "2025-01-01T18:30:00Z",
    "route": 1,
    "airplane": 9,
    "crew": [
      1,
      4
    ]
  }
},
{
  "model": "airport.order",
  "pk": 1,
  "fields": {
    "user": 4,
    "created_at": "2024-12-25T10:00:00Z"
  }
},
{
  "model": "airport.ticket",
  "pk": 3,
  "fields": {
    "row": 1,
    "seat": 1,
    "flight": 2,
    "order": 1
  }
},
{
  "model": "airport.ticket",
  "pk": 4,
  "fields": {
    "row": 1,
    "seat": 2,
    "flight": 2,
    "order": 1
  }
},
{
  "model": "airport.ticket",
  "pk": 5,
  "fields": {
    "row": 1,
    "seat": 3,
    "flight": 2,
    "order": 1
  }
},
{
  "model": "users.user",
  "pk": 1,
  "fields": {
    "password": "pbkdf2_sha256$216000$...",
    "last_login": null,
    "is_superuser": false,
    "first_name": "",
    "last_name": "",
    "is_staff": false,
    "is_active": true,
    "date_joined": "2024-12-26T15:54:10.974Z",
    "email": "user1@example.com",
    "groups": [],
    "user_permissions": []
  }
},
{
  "model": "users.user",
  "pk": 2,
  "fields": {
    "password": "pbkdf2_sha256$216000$...",
    "last_login": null,
    "is_superuser": false,
    "first_name": "",
    "last_name": "",
    "is_staff": false,
    "is_active": true,
    "date_joined": "2024-12-26T15:54:10.978Z",
    "email": "user2@example.com",
    "groups": [],
    "user_permissions": []
  }
},
{
  "model": "users.user",
  "pk": 3,
  "fields": {
    "password": "pbkdf2_sha256$870000$YHH469KiOw5DVw0OgVlsCK$sjDsjzAzV4u+J0n/nPplYZ/Ky8JMFKl5x3VLZaI6AtE=",
    "last_login": null,
    "is_superuser": true,
    "first_name": "",
    "last_name": "",
    "is_staff": true,
    "is_active": true,
    "date_joined": "2024-12-26T15:54:47.999Z",
    "email": "admin@admin.com",
    "groups": [],
    "user_permissions": []
  }
},
{
  "model": "users.user",
  "pk": 4,
  "fields": {
    "password": "pbkdf2_sha256$870000$UC1olST9UygymRZEJ0MxeX$/OufupU39yszAb0CXLV9mPV+RA6rTruzOwOjbyvbB/g=",
    "last_login": "2024-12-29T21:11:03.238Z",
    "is_superuser": true,
    "first_name": "",
    "last_name": "",
    "is_staff": true,
    "is_active": true,
    "date_joined": "2024-12-29T20:30:31.284Z",
    "email": "admin2@add.com",
    "groups": [],
    "user_permissions": []
  }
}
]
